title,company name,company location,job url
DevOps Engineer,Meri Sehat Pvt Limited,Meri Sehat Pvt LimitedKarachi,https://pk.indeed.com/viewjob?cmp=A-Bit-Much-SME-Private-Limited&t=Devops+Engineer&jk=858e369d2568bf2d&xpse=SoBI67I37HxBaqA4Pb0LbzkdCdPP&xfps=76ffd32e-72cd-4d3f-ac6e-3f175db56e07&xkcb=SoCR67M37HfysSgKVb0LbzkdCdPP&vjs=3
DevOps Engineer,Riayatech,RiayatechRawalpindi,https://pk.indeed.com/viewjob?cmp=A-Bit-Much-SME-Private-Limited&t=Devops+Engineer&jk=858e369d2568bf2d&xpse=SoBI67I37HxBaqA4Pb0LbzkdCdPP&xfps=76ffd32e-72cd-4d3f-ac6e-3f175db56e07&xkcb=SoCR67M37HfysSgKVb0LbzkdCdPP&vjs=3
DevOps Engineer,Smart Placement (Pvt) Ltd,Smart Placement (Pvt) LtdIslamabad,https://pk.indeed.com/viewjob?cmp=A-Bit-Much-SME-Private-Limited&t=Devops+Engineer&jk=858e369d2568bf2d&xpse=SoBI67I37HxBaqA4Pb0LbzkdCdPP&xfps=76ffd32e-72cd-4d3f-ac6e-3f175db56e07&xkcb=SoCR67M37HfysSgKVb0LbzkdCdPP&vjs=3
DevOps Engineer,A Bit Much SME Private Limited,A Bit Much SME Private LimitedKarachi,https://pk.indeed.com/viewjob?cmp=A-Bit-Much-SME-Private-Limited&t=Devops+Engineer&jk=858e369d2568bf2d&xpse=SoBI67I37HxBaqA4Pb0LbzkdCdPP&xfps=76ffd32e-72cd-4d3f-ac6e-3f175db56e07&xkcb=SoCR67M37HfysSgKVb0LbzkdCdPP&vjs=3
Senior DeVOps Engineer,Confinality,ConfinalityIslamabad,https://pk.indeed.com/viewjob?cmp=A-Bit-Much-SME-Private-Limited&t=Devops+Engineer&jk=858e369d2568bf2d&xpse=SoBI67I37HxBaqA4Pb0LbzkdCdPP&xfps=76ffd32e-72cd-4d3f-ac6e-3f175db56e07&xkcb=SoCR67M37HfysSgKVb0LbzkdCdPP&vjs=3
DevOps Engineer (Islamabad ),AJCL Private Limited,AJCL Private LimitedIslamabad,https://pk.indeed.com/viewjob?cmp=A-Bit-Much-SME-Private-Limited&t=Devops+Engineer&jk=858e369d2568bf2d&xpse=SoBI67I37HxBaqA4Pb0LbzkdCdPP&xfps=76ffd32e-72cd-4d3f-ac6e-3f175db56e07&xkcb=SoCR67M37HfysSgKVb0LbzkdCdPP&vjs=3
DevOps Engineer,Sign Up Solution,Sign Up SolutionRawalpindi,https://pk.indeed.com/viewjob?cmp=A-Bit-Much-SME-Private-Limited&t=Devops+Engineer&jk=858e369d2568bf2d&xpse=SoBI67I37HxBaqA4Pb0LbzkdCdPP&xfps=76ffd32e-72cd-4d3f-ac6e-3f175db56e07&xkcb=SoCR67M37HfysSgKVb0LbzkdCdPP&vjs=3
DevOps Engineer,Web Applications & Data Integration Company,Web Applications & Data Integration CompanyLahore,https://pk.indeed.com/viewjob?cmp=A-Bit-Much-SME-Private-Limited&t=Devops+Engineer&jk=858e369d2568bf2d&xpse=SoBI67I37HxBaqA4Pb0LbzkdCdPP&xfps=76ffd32e-72cd-4d3f-ac6e-3f175db56e07&xkcb=SoCR67M37HfysSgKVb0LbzkdCdPP&vjs=3
DevOps Engineer AWS,Right Solution's,Right Solution'sKarachi,https://pk.indeed.com/viewjob?cmp=A-Bit-Much-SME-Private-Limited&t=Devops+Engineer&jk=858e369d2568bf2d&xpse=SoBI67I37HxBaqA4Pb0LbzkdCdPP&xfps=76ffd32e-72cd-4d3f-ac6e-3f175db56e07&xkcb=SoCR67M37HfysSgKVb0LbzkdCdPP&vjs=3
DevOps Engineer (1 To 2 Year Of Experience),Vital Steer LLC,Vital Steer LLCLahore,https://pk.indeed.com/viewjob?cmp=A-Bit-Much-SME-Private-Limited&t=Devops+Engineer&jk=858e369d2568bf2d&xpse=SoBI67I37HxBaqA4Pb0LbzkdCdPP&xfps=76ffd32e-72cd-4d3f-ac6e-3f175db56e07&xkcb=SoCR67M37HfysSgKVb0LbzkdCdPP&vjs=3
Data Engineer,JZZ THE IT SOLUTION,JZZ THE IT SOLUTIONIslamabad,https://pk.indeed.com/viewjob?cmp=A-Bit-Much-SME-Private-Limited&t=Devops+Engineer&jk=858e369d2568bf2d&xpse=SoBI67I37HxBaqA4Pb0LbzkdCdPP&xfps=76ffd32e-72cd-4d3f-ac6e-3f175db56e07&xkcb=SoCR67M37HfysSgKVb0LbzkdCdPP&vjs=3
DevOps Engineer,Cubitrek Private Limited,Cubitrek Private LimitedKarachi,https://pk.indeed.com/viewjob?cmp=A-Bit-Much-SME-Private-Limited&t=Devops+Engineer&jk=858e369d2568bf2d&xpse=SoBI67I37HxBaqA4Pb0LbzkdCdPP&xfps=76ffd32e-72cd-4d3f-ac6e-3f175db56e07&xkcb=SoCR67M37HfysSgKVb0LbzkdCdPP&vjs=3
AWS DevOps Engineer,Consultancy Outfit,Consultancy OutfitRawalpindi,https://pk.indeed.com/viewjob?cmp=A-Bit-Much-SME-Private-Limited&t=Devops+Engineer&jk=858e369d2568bf2d&xpse=SoBI67I37HxBaqA4Pb0LbzkdCdPP&xfps=76ffd32e-72cd-4d3f-ac6e-3f175db56e07&xkcb=SoCR67M37HfysSgKVb0LbzkdCdPP&vjs=3
DevOps Engineer,BrightEdge,BrightEdgeHyderabad,https://pk.indeed.com/viewjob?cmp=A-Bit-Much-SME-Private-Limited&t=Devops+Engineer&jk=858e369d2568bf2d&xpse=SoBI67I37HxBaqA4Pb0LbzkdCdPP&xfps=76ffd32e-72cd-4d3f-ac6e-3f175db56e07&xkcb=SoCR67M37HfysSgKVb0LbzkdCdPP&vjs=3
DevOps Engineer,Altruistiq,AltruistiqIslamabad,https://pk.indeed.com/viewjob?cmp=A-Bit-Much-SME-Private-Limited&t=Devops+Engineer&jk=858e369d2568bf2d&xpse=SoBI67I37HxBaqA4Pb0LbzkdCdPP&xfps=76ffd32e-72cd-4d3f-ac6e-3f175db56e07&xkcb=SoCR67M37HfysSgKVb0LbzkdCdPP&vjs=3
